,Stock,Features,Volatility,Percent Return,Win Rate,accuracy test
0,AZUL4.SA,13,0.753508859202774,-8.483192140000066,50.0,0.312
1,AZUL4.SA,20,0.753508859202774,-3.556423340000001,48.275862068965516,0.288
2,PRIO3.SA,13,0.2936438415611818,28.59232781000008,54.83870967741935,0.332
3,PRIO3.SA,20,0.2936438415611818,12.045320320000027,49.01960784313725,0.352
4,TSLA,13,0.6288776923363669,-0.5965982999999869,45.714285714285715,0.36507936507936506
5,TSLA,20,0.6288776923363669,-20.965771699999998,45.94594594594595,0.3373015873015873
6,VIVA3.SA,13,0.35868494596243344,-15.874408849999982,44.0,0.396
7,VIVA3.SA,20,0.35868494596243344,6.478444589999908,56.25,0.4
